seq.unit.id	process	sector	old_sector	Initial.sector	no	column	real_gate	gate
DNA_2N_1_S01	1	DNA_2N	DNA_2N	DNA_2N	1	DNA_2N_1_S01	DNA_2N	2Dcells
DNA_2N_10_S10	1	DNA_2N	DNA_2N	DNA_2N	1	DNA_2N_10_S10	DNA_2N	2Dcells
DNA_2N_11_S11	1	DNA_2N	DNA_2N	DNA_2N	1	DNA_2N_11_S11	DNA_2N	2Dcells
DNA_2N_12_S12	1	DNA_2N	DNA_2N	DNA_2N	1	DNA_2N_12_S12	DNA_2N	2Dcells
DNA_2N_13_S13	1	DNA_2N	DNA_2N	DNA_2N	1	DNA_2N_13_S13	DNA_2N	2Dcells
DNA_2N_14_S14	1	DNA_2N	DNA_2N	DNA_2N	1	DNA_2N_14_S14	DNA_2N	2Dcells
DNA_2N_15_S15	1	DNA_2N	DNA_2N	DNA_2N	1	DNA_2N_15_S15	DNA_2N	2Dcells
DNA_2N_16_S16	1	DNA_2N	DNA_2N	DNA_2N	1	DNA_2N_16_S16	DNA_2N	2Dcells
DNA_2N_17_S17	1	DNA_2N	DNA_2N	DNA_2N	1	DNA_2N_17_S17	DNA_2N	2Dcells
DNA_2N_18_S18	1	DNA_2N	DNA_2N	DNA_2N	1	DNA_2N_18_S18	DNA_2N	2Dcells
DNA_2N_19_S19	1	DNA_2N	DNA_2N	DNA_2N	1	DNA_2N_19_S19	DNA_2N	2Dcells
DNA_2N_2_S02	1	DNA_2N	DNA_2N	DNA_2N	1	DNA_2N_2_S02	DNA_2N	2Dcells
DNA_2N_20_S20	1	DNA_2N	DNA_2N	DNA_2N	1	DNA_2N_20_S20	DNA_2N	2Dcells
DNA_2N_21_S21	1	DNA_2N	DNA_2N	DNA_2N	1	DNA_2N_21_S21	DNA_2N	2Dcells
DNA_2N_22_S22	1	DNA_2N	DNA_2N	DNA_2N	1	DNA_2N_22_S22	DNA_2N	2Dcells
DNA_2N_23_S23	1	DNA_2N	DNA_2N	DNA_2N	1	DNA_2N_23_S23	DNA_2N	2Dcells
DNA_2N_24_S24	1	DNA_2N	DNA_2N	DNA_2N	1	DNA_2N_24_S24	DNA_2N	2Dcells
DNA_2N_25_S25	1	DNA_2N	DNA_2N	DNA_2N	1	DNA_2N_25_S25	DNA_2N	2Dcells
DNA_2N_26_S26	1	DNA_2N	DNA_2N	DNA_2N	1	DNA_2N_26_S26	DNA_2N	2Dcells
DNA_2N_27_S27	1	DNA_2N	DNA_2N	DNA_2N	1	DNA_2N_27_S27	DNA_2N	2Dcells
DNA_2N_28_S28	1	DNA_2N	DNA_2N	DNA_2N	1	DNA_2N_28_S28	DNA_2N	2Dcells
DNA_2N_29_S29	1	DNA_2N	DNA_2N	DNA_2N	1	DNA_2N_29_S29	DNA_2N	2Dcells
DNA_2N_3_S03	1	DNA_2N	DNA_2N	DNA_2N	1	DNA_2N_3_S03	DNA_2N	2Dcells
DNA_2N_30_S30	1	DNA_2N	DNA_2N	DNA_2N	1	DNA_2N_30_S30	DNA_2N	2Dcells
DNA_2N_31_S31	1	DNA_2N	DNA_2N	DNA_2N	1	DNA_2N_31_S31	DNA_2N	2Dcells
DNA_2N_32_S32	1	DNA_2N	DNA_2N	DNA_2N	1	DNA_2N_32_S32	DNA_2N	2Dcells
DNA_2N_33_S33	1	DNA_2N	DNA_2N	DNA_2N	1	DNA_2N_33_S33	DNA_2N	2Dcells
DNA_2N_34_S34	1	DNA_2N	DNA_2N	DNA_2N	1	DNA_2N_34_S34	DNA_2N	2Dcells
DNA_2N_35_S35	1	DNA_2N	DNA_2N	DNA_2N	1	DNA_2N_35_S35	DNA_2N	2Dcells
DNA_2N_36_S36	1	DNA_2N	DNA_2N	DNA_2N	1	DNA_2N_36_S36	DNA_2N	2Dcells
DNA_2N_37_S38	1	DNA_2N	DNA_2N	DNA_2N	1	DNA_2N_37_S38	DNA_2N	2Dcells
DNA_2N_38_S39	1	DNA_2N	DNA_2N	DNA_2N	1	DNA_2N_38_S39	DNA_2N	2Dcells
DNA_2N_39_S40	1	DNA_2N	DNA_2N	DNA_2N	1	DNA_2N_39_S40	DNA_2N	2Dcells
DNA_2N_4_S04	1	DNA_2N	DNA_2N	DNA_2N	1	DNA_2N_4_S04	DNA_2N	2Dcells
DNA_2N_40_S41	1	DNA_2N	DNA_2N	DNA_2N	1	DNA_2N_40_S41	DNA_2N	2Dcells
DNA_2N_41_S42	1	DNA_2N	DNA_2N	DNA_2N	1	DNA_2N_41_S42	DNA_2N	2Dcells
DNA_2N_42_S43	1	DNA_2N	DNA_2N	DNA_2N	1	DNA_2N_42_S43	DNA_2N	2Dcells
DNA_2N_43_S44	1	DNA_2N	DNA_2N	DNA_2N	1	DNA_2N_43_S44	DNA_2N	2Dcells
DNA_2N_44_S45	1	DNA_2N	DNA_2N	DNA_2N	1	DNA_2N_44_S45	DNA_2N	2Dcells
DNA_2N_45_S46	1	DNA_2N	DNA_2N	DNA_2N	1	DNA_2N_45_S46	DNA_2N	2Dcells
DNA_2N_46_S47	1	DNA_2N	DNA_2N	DNA_2N	1	DNA_2N_46_S47	DNA_2N	2Dcells
DNA_2N_47_S48	1	DNA_2N	DNA_2N	DNA_2N	1	DNA_2N_47_S48	DNA_2N	2Dcells
DNA_2N_5_S05	1	DNA_2N	DNA_2N	DNA_2N	1	DNA_2N_5_S05	DNA_2N	2Dcells
DNA_2N_6_S06	1	DNA_2N	DNA_2N	DNA_2N	1	DNA_2N_6_S06	DNA_2N	2Dcells
DNA_2N_7_S07	1	DNA_2N	DNA_2N	DNA_2N	1	DNA_2N_7_S07	DNA_2N	2Dcells
DNA_2N_8_S08	1	DNA_2N	DNA_2N	DNA_2N	1	DNA_2N_8_S08	DNA_2N	2Dcells
DNA_2N_9_S09	1	DNA_2N	DNA_2N	DNA_2N	1	DNA_2N_9_S09	DNA_2N	2Dcells
DNA_2N_Bulk_S37	0	DNA_2N	DNA_2N	DNA_2N	1	DNA_2N_Bulk_S37	DNA_2N	2Dcells
DNA_2N._1_S49	1	DNA_2N+	DNA_2N	DNA_2N+	2	DNA_2N+_1_S49	DNA_2N+	2Dcells
DNA_2N._10_S58	1	DNA_2N+	DNA_2N	DNA_2N+	2	DNA_2N+_10_S58	DNA_2N+	2Dcells
DNA_2N._11_S59	1	DNA_2N+	DNA_2N	DNA_2N+	2	DNA_2N+_11_S59	DNA_2N+	2Dcells
DNA_2N._12_S60	1	DNA_2N+	DNA_2N	DNA_2N+	2	DNA_2N+_12_S60	DNA_2N+	2Dcells
DNA_2N._13_S61	1	DNA_2N+	DNA_2N	DNA_2N+	2	DNA_2N+_13_S61	DNA_2N+	2Dcells
DNA_2N._14_S62	1	DNA_2N+	DNA_2N	DNA_2N+	2	DNA_2N+_14_S62	DNA_2N+	2Dcells
DNA_2N._15_S63	1	DNA_2N+	DNA_2N	DNA_2N+	2	DNA_2N+_15_S63	DNA_2N+	2Dcells
DNA_2N._16_S64	1	DNA_2N+	DNA_2N	DNA_2N+	2	DNA_2N+_16_S64	DNA_2N+	2Dcells
DNA_2N._17_S65	1	DNA_2N+	DNA_2N	DNA_2N+	2	DNA_2N+_17_S65	DNA_2N+	2Dcells
DNA_2N._18_S66	1	DNA_2N+	DNA_2N	DNA_2N+	2	DNA_2N+_18_S66	DNA_2N+	2Dcells
DNA_2N._19_S67	1	DNA_2N+	DNA_2N	DNA_2N+	2	DNA_2N+_19_S67	DNA_2N+	2Dcells
DNA_2N._2_S50	1	DNA_2N+	DNA_2N	DNA_2N+	2	DNA_2N+_2_S50	DNA_2N+	2Dcells
DNA_2N._20_S68	1	DNA_2N+	DNA_2N	DNA_2N+	2	DNA_2N+_20_S68	DNA_2N+	2Dcells
DNA_2N._21_S69	1	DNA_2N+	DNA_2N	DNA_2N+	2	DNA_2N+_21_S69	DNA_2N+	2Dcells
DNA_2N._22_S70	1	DNA_2N+	DNA_2N	DNA_2N+	2	DNA_2N+_22_S70	DNA_2N+	2Dcells
DNA_2N._23_S71	1	DNA_2N+	DNA_2N	DNA_2N+	2	DNA_2N+_23_S71	DNA_2N+	2Dcells
DNA_2N._24_S72	1	DNA_2N+	DNA_2N	DNA_2N+	2	DNA_2N+_24_S72	DNA_2N+	2Dcells
DNA_2N._25_S73	1	DNA_2N+	DNA_2N	DNA_2N+	2	DNA_2N+_25_S73	DNA_2N+	2Dcells
DNA_2N._26_S74	1	DNA_2N+	DNA_2N	DNA_2N+	2	DNA_2N+_26_S74	DNA_2N+	2Dcells
DNA_2N._27_S75	1	DNA_2N+	DNA_2N	DNA_2N+	2	DNA_2N+_27_S75	DNA_2N+	2Dcells
DNA_2N._28_S76	1	DNA_2N+	DNA_2N	DNA_2N+	2	DNA_2N+_28_S76	DNA_2N+	2Dcells
DNA_2N._29_S77	1	DNA_2N+	DNA_2N	DNA_2N+	2	DNA_2N+_29_S77	DNA_2N+	2Dcells
DNA_2N._3_S51	1	DNA_2N+	DNA_2N	DNA_2N+	2	DNA_2N+_3_S51	DNA_2N+	2Dcells
DNA_2N._30_S78	1	DNA_2N+	DNA_2N	DNA_2N+	2	DNA_2N+_30_S78	DNA_2N+	2Dcells
DNA_2N._31_S79	1	DNA_2N+	DNA_2N	DNA_2N+	2	DNA_2N+_31_S79	DNA_2N+	2Dcells
DNA_2N._32_S80	1	DNA_2N+	DNA_2N	DNA_2N+	2	DNA_2N+_32_S80	DNA_2N+	2Dcells
DNA_2N._33_S81	1	DNA_2N+	DNA_2N	DNA_2N+	2	DNA_2N+_33_S81	DNA_2N+	2Dcells
DNA_2N._34_S82	1	DNA_2N+	DNA_2N	DNA_2N+	2	DNA_2N+_34_S82	DNA_2N+	2Dcells
DNA_2N._35_S83	1	DNA_2N+	DNA_2N	DNA_2N+	2	DNA_2N+_35_S83	DNA_2N+	2Dcells
DNA_2N._4_S52	1	DNA_2N+	DNA_2N	DNA_2N+	2	DNA_2N+_4_S52	DNA_2N+	2Dcells
DNA_2N._5_S53	1	DNA_2N+	DNA_2N	DNA_2N+	2	DNA_2N+_5_S53	DNA_2N+	2Dcells
DNA_2N._6_S54	1	DNA_2N+	DNA_2N	DNA_2N+	2	DNA_2N+_6_S54	DNA_2N+	2Dcells
DNA_2N._7_S55	1	DNA_2N+	DNA_2N	DNA_2N+	2	DNA_2N+_7_S55	DNA_2N+	2Dcells
DNA_2N._8_S56	1	DNA_2N+	DNA_2N	DNA_2N+	2	DNA_2N+_8_S56	DNA_2N+	2Dcells
DNA_2N._9_S57	1	DNA_2N+	DNA_2N	DNA_2N+	2	DNA_2N+_9_S57	DNA_2N+	2Dcells
DNA_2N._Bulk_S84	0	DNA_2N+	DNA_2N	DNA_2N+	2	DNA_2N+_Bulk_S84	DNA_2N+	2Dcells
DNA_4N_1_S85	1	DNA_4N	DNA_4N	DNA_4N	3	DNA_4N_1_S85	DNA_4N	2Dcells
DNA_4N_10_S94	1	DNA_4N	DNA_4N	DNA_4N	3	DNA_4N_10_S94	DNA_4N	2Dcells
DNA_4N_11_S95	1	DNA_4N	DNA_4N	DNA_4N	3	DNA_4N_11_S95	DNA_4N	2Dcells
DNA_4N_12_S96	1	DNA_4N	DNA_4N	DNA_4N	3	DNA_4N_12_S96	DNA_4N	2Dcells
DNA_4N_2_S86	1	DNA_4N	DNA_4N	DNA_4N	3	DNA_4N_2_S86	DNA_4N	2Dcells
DNA_4N_3_S87	1	DNA_4N	DNA_4N	DNA_4N	3	DNA_4N_3_S87	DNA_4N	2Dcells
DNA_4N_4_S88	1	DNA_4N	DNA_4N	DNA_4N	3	DNA_4N_4_S88	DNA_4N	2Dcells
DNA_4N_5_S89	1	DNA_4N	DNA_4N	DNA_4N	3	DNA_4N_5_S89	DNA_4N	2Dcells
DNA_4N_6_S90	1	DNA_4N	DNA_4N	DNA_4N	3	DNA_4N_6_S90	DNA_4N	2Dcells
DNA_4N_7_S91	1	DNA_4N	DNA_4N	DNA_4N	3	DNA_4N_7_S91	DNA_4N	2Dcells
DNA_4N_8_S92	1	DNA_4N	DNA_4N	DNA_4N	3	DNA_4N_8_S92	DNA_4N	2Dcells
DNA_4N_9_S93	1	DNA_4N	DNA_4N	DNA_4N	3	DNA_4N_9_S93	DNA_4N	2Dcells
Mouse1_CD45._Primary_S21	1	Mouse_CD45Primary	Mouse1_CD45Primary	Mouse1_CD45._Primary	4	Mouse1_CD45+_Primary_S21	Mouse1_CD45+_Primary	Mouse1
Mouse1_CD45._Primary_S22	1	Mouse_CD45Primary	Mouse1_CD45Primary	Mouse1_CD45._Primary	4	Mouse1_CD45+_Primary_S22	Mouse1_CD45+_Primary	Mouse1
Mouse1_CD45._Primary_S23	1	Mouse_CD45Primary	Mouse1_CD45Primary	Mouse1_CD45._Primary	4	Mouse1_CD45+_Primary_S23	Mouse1_CD45+_Primary	Mouse1
Mouse1_CD45._Primary_S24	1	Mouse_CD45Primary	Mouse1_CD45Primary	Mouse1_CD45._Primary	4	Mouse1_CD45+_Primary_S24	Mouse1_CD45+_Primary	Mouse1
Mouse1_CD45._Primary_S25	1	Mouse_CD45Primary	Mouse1_CD45Primary	Mouse1_CD45._Primary	4	Mouse1_CD45+_Primary_S25	Mouse1_CD45+_Primary	Mouse1
Mouse1_CD45._Primary_S26	1	Mouse_CD45Primary	Mouse1_CD45Primary	Mouse1_CD45._Primary	4	Mouse1_CD45+_Primary_S26	Mouse1_CD45+_Primary	Mouse1
Mouse1_CD45._Primary_S27	1	Mouse_CD45Primary	Mouse1_CD45Primary	Mouse1_CD45._Primary	4	Mouse1_CD45+_Primary_S27	Mouse1_CD45+_Primary	Mouse1
Mouse1_CD45._Primary_S28	1	Mouse_CD45Primary	Mouse1_CD45Primary	Mouse1_CD45._Primary	4	Mouse1_CD45+_Primary_S28	Mouse1_CD45+_Primary	Mouse1
Mouse1_CD45._Primary_S29	1	Mouse_CD45Primary	Mouse1_CD45Primary	Mouse1_CD45._Primary	4	Mouse1_CD45+_Primary_S29	Mouse1_CD45+_Primary	Mouse1
Mouse1_CD45._Primary_S31	1	Mouse_CD45Primary	Mouse1_CD45Primary	Mouse1_CD45._Primary	4	Mouse1_CD45+_Primary_S31	Mouse1_CD45+_Primary	Mouse1
Mouse1_CD45._Primary_S32	1	Mouse_CD45Primary	Mouse1_CD45Primary	Mouse1_CD45._Primary	4	Mouse1_CD45+_Primary_S32	Mouse1_CD45+_Primary	Mouse1
Mouse1_CD45._Primary_S34	1	Mouse_CD45Primary	Mouse1_CD45Primary	Mouse1_CD45._Primary	4	Mouse1_CD45+_Primary_S34	Mouse1_CD45+_Primary	Mouse1
Mouse1_CD45._Primary_S35	1	Mouse_CD45Primary	Mouse1_CD45Primary	Mouse1_CD45._Primary	4	Mouse1_CD45+_Primary_S35	Mouse1_CD45+_Primary	Mouse1
Mouse1_CD45._Primary_S36	1	Mouse_CD45Primary	Mouse1_CD45Primary	Mouse1_CD45._Primary	4	Mouse1_CD45+_Primary_S36	Mouse1_CD45+_Primary	Mouse1
Mouse1_CD45._Primary_S37	1	Mouse_CD45Primary	Mouse1_CD45Primary	Mouse1_CD45._Primary	4	Mouse1_CD45+_Primary_S37	Mouse1_CD45+_Primary	Mouse1
Mouse1_CD45._Primary_S38	1	Mouse_CD45Primary	Mouse1_CD45Primary	Mouse1_CD45._Primary	4	Mouse1_CD45+_Primary_S38	Mouse1_CD45+_Primary	Mouse1
Mouse1_CD45._Primary_S39	1	Mouse_CD45Primary	Mouse1_CD45Primary	Mouse1_CD45._Primary	4	Mouse1_CD45+_Primary_S39	Mouse1_CD45+_Primary	Mouse1
Mouse1_CD45._Primary_S40	1	Mouse_CD45Primary	Mouse1_CD45Primary	Mouse1_CD45._Primary	4	Mouse1_CD45+_Primary_S40	Mouse1_CD45+_Primary	Mouse1
Mouse1_CD45._Primary_S41	1	Mouse_CD45Primary	Mouse1_CD45Primary	Mouse1_CD45._Primary	4	Mouse1_CD45+_Primary_S41	Mouse1_CD45+_Primary	Mouse1
Mouse1_CD45._Primary_S42	1	Mouse_CD45Primary	Mouse1_CD45Primary	Mouse1_CD45._Primary	4	Mouse1_CD45+_Primary_S42	Mouse1_CD45+_Primary	Mouse1
Mouse1_CD45._Primary_S43	1	Mouse_CD45Primary	Mouse1_CD45Primary	Mouse1_CD45._Primary	4	Mouse1_CD45+_Primary_S43	Mouse1_CD45+_Primary	Mouse1
Mouse1_CD45.100_Primary_S33	0	Mouse1_CD45.100_Primary	Mouse1_CD45.100_Primary	Mouse1_CD45.100_Primary	5	Mouse1_CD45+100_Primary_S33	Mouse1_CD45+100_Primary	Mouse1
Mouse1_EpCam._Primary_S01	0	Mouse1_EpCam._Primary	Mouse1_EpCam._Primary	Mouse1_EpCam._Primary	6	Mouse1_EpCam+_Primary_S01	Mouse1_EpCam+_Primary	Mouse1
Mouse1_EpCam._Primary_S02	0	Mouse1_EpCam._Primary	Mouse1_EpCam._Primary	Mouse1_EpCam._Primary	6	Mouse1_EpCam+_Primary_S02	Mouse1_EpCam+_Primary	Mouse1
Mouse1_EpCam._Primary_S03	0	Mouse1_EpCam._Primary	Mouse1_EpCam._Primary	Mouse1_EpCam._Primary	6	Mouse1_EpCam+_Primary_S03	Mouse1_EpCam+_Primary	Mouse1
Mouse1_EpCam._Primary_S04	0	Mouse1_EpCam._Primary	Mouse1_EpCam._Primary	Mouse1_EpCam._Primary	6	Mouse1_EpCam+_Primary_S04	Mouse1_EpCam+_Primary	Mouse1
Mouse1_EpCam._Primary_S05	0	Mouse1_EpCam._Primary	Mouse1_EpCam._Primary	Mouse1_EpCam._Primary	6	Mouse1_EpCam+_Primary_S05	Mouse1_EpCam+_Primary	Mouse1
Mouse1_EpCam._Primary_S07	0	Mouse1_EpCam._Primary	Mouse1_EpCam._Primary	Mouse1_EpCam._Primary	6	Mouse1_EpCam+_Primary_S07	Mouse1_EpCam+_Primary	Mouse1
Mouse1_EpCam._Primary_S08	0	Mouse1_EpCam._Primary	Mouse1_EpCam._Primary	Mouse1_EpCam._Primary	6	Mouse1_EpCam+_Primary_S08	Mouse1_EpCam+_Primary	Mouse1
Mouse1_EpCam._Primary_S60	0	Mouse1_EpCam._Primary	Mouse1_EpCam._Primary	Mouse1_EpCam._Primary	6	Mouse1_EpCam+_Primary_S60	Mouse1_EpCam+_Primary	Mouse1
Mouse1_EpCam.GFP._Primary_S10	1	MousePrimary	MousePrimary	Mouse1_EpCam.GFP._Primary	7	Mouse1_EpCam+GFP+_Primary_S10	Mouse1_EpCam+GFP+_Primary	Mouse1
Mouse1_EpCam.GFP._Primary_S11	1	MousePrimary	MousePrimary	Mouse1_EpCam.GFP._Primary	7	Mouse1_EpCam+GFP+_Primary_S11	Mouse1_EpCam+GFP+_Primary	Mouse1
Mouse1_EpCam.GFP._Primary_S12	1	MousePrimary	MousePrimary	Mouse1_EpCam.GFP._Primary	7	Mouse1_EpCam+GFP+_Primary_S12	Mouse1_EpCam+GFP+_Primary	Mouse1
Mouse1_EpCam.GFP._Primary_S13	1	MousePrimary	MousePrimary	Mouse1_EpCam.GFP._Primary	7	Mouse1_EpCam+GFP+_Primary_S13	Mouse1_EpCam+GFP+_Primary	Mouse1
Mouse1_EpCam.GFP._Primary_S14	1	MousePrimary	MousePrimary	Mouse1_EpCam.GFP._Primary	7	Mouse1_EpCam+GFP+_Primary_S14	Mouse1_EpCam+GFP+_Primary	Mouse1
Mouse1_EpCam.GFP._Primary_S15	1	MousePrimary	MousePrimary	Mouse1_EpCam.GFP._Primary	7	Mouse1_EpCam+GFP+_Primary_S15	Mouse1_EpCam+GFP+_Primary	Mouse1
Mouse1_EpCam.GFP._Primary_S16	1	MousePrimary	MousePrimary	Mouse1_EpCam.GFP._Primary	7	Mouse1_EpCam+GFP+_Primary_S16	Mouse1_EpCam+GFP+_Primary	Mouse1
Mouse1_EpCam.GFP._Primary_S17	1	MousePrimary	MousePrimary	Mouse1_EpCam.GFP._Primary	7	Mouse1_EpCam+GFP+_Primary_S17	Mouse1_EpCam+GFP+_Primary	Mouse1
Mouse1_EpCam.GFP._Primary_S18	1	MousePrimary	MousePrimary	Mouse1_EpCam.GFP._Primary	7	Mouse1_EpCam+GFP+_Primary_S18	Mouse1_EpCam+GFP+_Primary	Mouse1
Mouse1_EpCam.GFP._Primary_S20	1	MousePrimary	MousePrimary	Mouse1_EpCam.GFP._Primary	7	Mouse1_EpCam+GFP+_Primary_S20	Mouse1_EpCam+GFP+_Primary	Mouse1
Mouse1_GFP.200_Met_S55	0	Mouse1_GFP.200_Met	Mouse1_GFP.200_Met	Mouse1_GFP.200_Met	8	Mouse1_GFP-200_Met_S55	Mouse1_GFP-200_Met	Mouse1
Mouse1_GFP._Met_S13	1	MousePeritoneum	MousePeritoneum	Mouse1_GFP._Met	9	Mouse1_GFP+_Met_S13	Mouse1_GFP+_Met	Mouse1
Mouse1_GFP._Met_S14	1	MousePeritoneum	MousePeritoneum	Mouse1_GFP._Met	9	Mouse1_GFP+_Met_S14	Mouse1_GFP+_Met	Mouse1
Mouse1_GFP._Met_S15	1	MousePeritoneum	MousePeritoneum	Mouse1_GFP._Met	9	Mouse1_GFP+_Met_S15	Mouse1_GFP+_Met	Mouse1
Mouse1_GFP._Met_S16	1	MousePeritoneum	MousePeritoneum	Mouse1_GFP._Met	9	Mouse1_GFP+_Met_S16	Mouse1_GFP+_Met	Mouse1
Mouse1_GFP._Met_S17	1	MousePeritoneum	MousePeritoneum	Mouse1_GFP._Met	9	Mouse1_GFP+_Met_S17	Mouse1_GFP+_Met	Mouse1
Mouse1_GFP._Met_S18	1	MousePeritoneum	MousePeritoneum	Mouse1_GFP._Met	9	Mouse1_GFP+_Met_S18	Mouse1_GFP+_Met	Mouse1
Mouse1_GFP._Met_S19	1	MousePeritoneum	MousePeritoneum	Mouse1_GFP._Met	9	Mouse1_GFP+_Met_S19	Mouse1_GFP+_Met	Mouse1
Mouse1_GFP._Met_S20	1	MousePeritoneum	MousePeritoneum	Mouse1_GFP._Met	9	Mouse1_GFP+_Met_S20	Mouse1_GFP+_Met	Mouse1
Mouse1_GFP._Met_S21	1	MousePeritoneum	MousePeritoneum	Mouse1_GFP._Met	9	Mouse1_GFP+_Met_S21	Mouse1_GFP+_Met	Mouse1
Mouse1_GFP._Met_S22	1	MousePeritoneum	MousePeritoneum	Mouse1_GFP._Met	9	Mouse1_GFP+_Met_S22	Mouse1_GFP+_Met	Mouse1
Mouse1_GFP._Met_S27	1	MousePeritoneum	MousePeritoneum	Mouse1_GFP._Met	9	Mouse1_GFP+_Met_S27	Mouse1_GFP+_Met	Mouse1
Mouse1_GFP._Met_S28	1	MousePeritoneum	MousePeritoneum	Mouse1_GFP._Met	9	Mouse1_GFP+_Met_S28	Mouse1_GFP+_Met	Mouse1
Mouse1_GFP._Met_S29	1	MousePeritoneum	MousePeritoneum	Mouse1_GFP._Met	9	Mouse1_GFP+_Met_S29	Mouse1_GFP+_Met	Mouse1
Mouse1_GFP._Met_S30	1	MousePeritoneum	MousePeritoneum	Mouse1_GFP._Met	9	Mouse1_GFP+_Met_S30	Mouse1_GFP+_Met	Mouse1
Mouse1_GFP._Met_S31	1	MousePeritoneum	MousePeritoneum	Mouse1_GFP._Met	9	Mouse1_GFP+_Met_S31	Mouse1_GFP+_Met	Mouse1
Mouse1_GFP._Met_S32	1	MousePeritoneum	MousePeritoneum	Mouse1_GFP._Met	9	Mouse1_GFP+_Met_S32	Mouse1_GFP+_Met	Mouse1
Mouse1_GFP._Met_S33	1	MousePeritoneum	MousePeritoneum	Mouse1_GFP._Met	9	Mouse1_GFP+_Met_S33	Mouse1_GFP+_Met	Mouse1
Mouse1_GFP._Met_S34	1	MousePeritoneum	MousePeritoneum	Mouse1_GFP._Met	9	Mouse1_GFP+_Met_S34	Mouse1_GFP+_Met	Mouse1
Mouse1_GFP._Met_S35	1	MousePeritoneum	MousePeritoneum	Mouse1_GFP._Met	9	Mouse1_GFP+_Met_S35	Mouse1_GFP+_Met	Mouse1
Mouse1_GFP._Met_S36	1	MousePeritoneum	MousePeritoneum	Mouse1_GFP._Met	9	Mouse1_GFP+_Met_S36	Mouse1_GFP+_Met	Mouse1
Mouse1_GFP._Met_S37	1	MousePeritoneum	MousePeritoneum	Mouse1_GFP._Met	9	Mouse1_GFP+_Met_S37	Mouse1_GFP+_Met	Mouse1
Mouse1_GFP._Met_S38	1	MousePeritoneum	MousePeritoneum	Mouse1_GFP._Met	9	Mouse1_GFP+_Met_S38	Mouse1_GFP+_Met	Mouse1
Mouse1_GFP._Met_S39	1	MousePeritoneum	MousePeritoneum	Mouse1_GFP._Met	9	Mouse1_GFP+_Met_S39	Mouse1_GFP+_Met	Mouse1
Mouse1_GFP._Met_S40	1	MousePeritoneum	MousePeritoneum	Mouse1_GFP._Met	9	Mouse1_GFP+_Met_S40	Mouse1_GFP+_Met	Mouse1
Mouse1_GFP._Met_S41	1	MousePeritoneum	MousePeritoneum	Mouse1_GFP._Met	9	Mouse1_GFP+_Met_S41	Mouse1_GFP+_Met	Mouse1
Mouse1_GFP._Met_S42	1	MousePeritoneum	MousePeritoneum	Mouse1_GFP._Met	9	Mouse1_GFP+_Met_S42	Mouse1_GFP+_Met	Mouse1
Mouse1_GFP._Met_S44	1	MousePeritoneum	MousePeritoneum	Mouse1_GFP._Met	9	Mouse1_GFP+_Met_S44	Mouse1_GFP+_Met	Mouse1
Mouse1_GFP._Met_S45	1	MousePeritoneum	MousePeritoneum	Mouse1_GFP._Met	9	Mouse1_GFP+_Met_S45	Mouse1_GFP+_Met	Mouse1
Mouse1_GFP._Met_S46	1	MousePeritoneum	MousePeritoneum	Mouse1_GFP._Met	9	Mouse1_GFP+_Met_S46	Mouse1_GFP+_Met	Mouse1
Mouse1_GFP._Met_S47	1	MousePeritoneum	MousePeritoneum	Mouse1_GFP._Met	9	Mouse1_GFP+_Met_S47	Mouse1_GFP+_Met	Mouse1
Mouse1_GFP._Met_S48	1	MousePeritoneum	MousePeritoneum	Mouse1_GFP._Met	9	Mouse1_GFP+_Met_S48	Mouse1_GFP+_Met	Mouse1
Mouse1_GFP._Met_S49	1	MousePeritoneum	MousePeritoneum	Mouse1_GFP._Met	9	Mouse1_GFP+_Met_S49	Mouse1_GFP+_Met	Mouse1
Mouse1_GFP._Met_S51	1	MousePeritoneum	MousePeritoneum	Mouse1_GFP._Met	9	Mouse1_GFP+_Met_S51	Mouse1_GFP+_Met	Mouse1
Mouse1_GFP._Met_S52	1	MousePeritoneum	MousePeritoneum	Mouse1_GFP._Met	9	Mouse1_GFP+_Met_S52	Mouse1_GFP+_Met	Mouse1
Mouse1_GFP._Met_S53	1	MousePeritoneum	MousePeritoneum	Mouse1_GFP._Met	9	Mouse1_GFP+_Met_S53	Mouse1_GFP+_Met	Mouse1
Mouse1_GFP._Met_S54	1	MousePeritoneum	MousePeritoneum	Mouse1_GFP._Met	9	Mouse1_GFP+_Met_S54	Mouse1_GFP+_Met	Mouse1
Mouse1_GFP._Primary_S24	1	MousePrimary	MousePrimary	Mouse1_GFP._Primary	10	Mouse1_GFP+_Primary_S24	Mouse1_GFP+_Primary	Mouse1
Mouse1_GFP._Primary_S25	1	MousePrimary	MousePrimary	Mouse1_GFP._Primary	10	Mouse1_GFP+_Primary_S25	Mouse1_GFP+_Primary	Mouse1
Mouse1_GFP._Primary_S28	1	MousePrimary	MousePrimary	Mouse1_GFP._Primary	10	Mouse1_GFP+_Primary_S28	Mouse1_GFP+_Primary	Mouse1
Mouse1_GFP._Primary_S29	1	MousePrimary	MousePrimary	Mouse1_GFP._Primary	10	Mouse1_GFP+_Primary_S29	Mouse1_GFP+_Primary	Mouse1
Mouse1_GFP._Primary_S30	1	MousePrimary	MousePrimary	Mouse1_GFP._Primary	10	Mouse1_GFP+_Primary_S30	Mouse1_GFP+_Primary	Mouse1
Mouse1_GFP._Primary_S31	1	MousePrimary	MousePrimary	Mouse1_GFP._Primary	10	Mouse1_GFP+_Primary_S31	Mouse1_GFP+_Primary	Mouse1
Mouse1_GFP._Primary_S32	1	MousePrimary	MousePrimary	Mouse1_GFP._Primary	10	Mouse1_GFP+_Primary_S32	Mouse1_GFP+_Primary	Mouse1
Mouse1_GFP._Primary_S36	1	MousePrimary	MousePrimary	Mouse1_GFP._Primary	10	Mouse1_GFP+_Primary_S36	Mouse1_GFP+_Primary	Mouse1
Mouse1_GFP._Primary_S38	1	MousePrimary	MousePrimary	Mouse1_GFP._Primary	10	Mouse1_GFP+_Primary_S38	Mouse1_GFP+_Primary	Mouse1
Mouse1_GFP._Primary_S39	1	MousePrimary	MousePrimary	Mouse1_GFP._Primary	10	Mouse1_GFP+_Primary_S39	Mouse1_GFP+_Primary	Mouse1
Mouse1_GFP._Primary_S40	1	MousePrimary	MousePrimary	Mouse1_GFP._Primary	10	Mouse1_GFP+_Primary_S40	Mouse1_GFP+_Primary	Mouse1
Mouse1_GFP._Primary_S41	1	MousePrimary	MousePrimary	Mouse1_GFP._Primary	10	Mouse1_GFP+_Primary_S41	Mouse1_GFP+_Primary	Mouse1
Mouse1_GFP._Primary_S42	1	MousePrimary	MousePrimary	Mouse1_GFP._Primary	10	Mouse1_GFP+_Primary_S42	Mouse1_GFP+_Primary	Mouse1
Mouse1_GFP._Primary_S43	1	MousePrimary	MousePrimary	Mouse1_GFP._Primary	10	Mouse1_GFP+_Primary_S43	Mouse1_GFP+_Primary	Mouse1
Mouse1_GFP._Primary_S44	1	MousePrimary	MousePrimary	Mouse1_GFP._Primary	10	Mouse1_GFP+_Primary_S44	Mouse1_GFP+_Primary	Mouse1
Mouse1_GFP._Primary_S46	1	MousePrimary	MousePrimary	Mouse1_GFP._Primary	10	Mouse1_GFP+_Primary_S46	Mouse1_GFP+_Primary	Mouse1
Mouse1_GFP._Primary_S47	1	MousePrimary	MousePrimary	Mouse1_GFP._Primary	10	Mouse1_GFP+_Primary_S47	Mouse1_GFP+_Primary	Mouse1
Mouse1_GFP._Primary_S48	1	MousePrimary	MousePrimary	Mouse1_GFP._Primary	10	Mouse1_GFP+_Primary_S48	Mouse1_GFP+_Primary	Mouse1
Mouse1_GFP._Primary_S49	1	MousePrimary	MousePrimary	Mouse1_GFP._Primary	10	Mouse1_GFP+_Primary_S49	Mouse1_GFP+_Primary	Mouse1
Mouse1_GFP._Primary_S50	1	MousePrimary	MousePrimary	Mouse1_GFP._Primary	10	Mouse1_GFP+_Primary_S50	Mouse1_GFP+_Primary	Mouse1
Mouse1_GFP._Primary_S51	1	MousePrimary	MousePrimary	Mouse1_GFP._Primary	10	Mouse1_GFP+_Primary_S51	Mouse1_GFP+_Primary	Mouse1
Mouse1_GFP._Primary_S53	1	MousePrimary	MousePrimary	Mouse1_GFP._Primary	10	Mouse1_GFP+_Primary_S53	Mouse1_GFP+_Primary	Mouse1
Mouse1_GFP._Primary_S54	1	MousePrimary	MousePrimary	Mouse1_GFP._Primary	10	Mouse1_GFP+_Primary_S54	Mouse1_GFP+_Primary	Mouse1
Mouse1_GFP._Primary_S55	1	MousePrimary	MousePrimary	Mouse1_GFP._Primary	10	Mouse1_GFP+_Primary_S55	Mouse1_GFP+_Primary	Mouse1
Mouse1_GFP._Primary_S56	1	MousePrimary	MousePrimary	Mouse1_GFP._Primary	10	Mouse1_GFP+_Primary_S56	Mouse1_GFP+_Primary	Mouse1
Mouse1_GFP.100_Primary_S57	0	Mouse1_GFP.100_Primary	Mouse1_GFP.100_Primary	Mouse1_GFP.100_Primary	11	Mouse1_GFP+100_Primary_S57	Mouse1_GFP+100_Primary	Mouse1
Mouse1_GFP.50_Met_S43	0	Mouse1_GFP.50_Met	Mouse1_GFP.50_Met	Mouse1_GFP.50_Met	12	Mouse1_GFP+50_Met_S43	Mouse1_GFP+50_Met	Mouse1
Mouse2_CD45.Primary_S16	1	Mouse_CD45Primary	Mouse2_CD45Primary	Mouse2_CD45.Primary	13	Mouse2_CD45+Primary_S16	Mouse2_CD45+Primary	Mouse2
Mouse2_CD45.Primary_S17	1	Mouse_CD45Primary	Mouse2_CD45Primary	Mouse2_CD45.Primary	13	Mouse2_CD45+Primary_S17	Mouse2_CD45+Primary	Mouse2
Mouse2_CD45.Primary_S19	1	Mouse_CD45Primary	Mouse2_CD45Primary	Mouse2_CD45.Primary	13	Mouse2_CD45+Primary_S19	Mouse2_CD45+Primary	Mouse2
Mouse2_CD45.Primary_S20	1	Mouse_CD45Primary	Mouse2_CD45Primary	Mouse2_CD45.Primary	13	Mouse2_CD45+Primary_S20	Mouse2_CD45+Primary	Mouse2
Mouse2_CD45.Primary_S21	1	Mouse_CD45Primary	Mouse2_CD45Primary	Mouse2_CD45.Primary	13	Mouse2_CD45+Primary_S21	Mouse2_CD45+Primary	Mouse2
Mouse2_CD45.Primary_S22	1	Mouse_CD45Primary	Mouse2_CD45Primary	Mouse2_CD45.Primary	13	Mouse2_CD45+Primary_S22	Mouse2_CD45+Primary	Mouse2
Mouse2_CD45.Primary_S23	1	Mouse_CD45Primary	Mouse2_CD45Primary	Mouse2_CD45.Primary	13	Mouse2_CD45+Primary_S23	Mouse2_CD45+Primary	Mouse2
Mouse2_CD45.Primary_S24	1	Mouse_CD45Primary	Mouse2_CD45Primary	Mouse2_CD45.Primary	13	Mouse2_CD45+Primary_S24	Mouse2_CD45+Primary	Mouse2
Mouse2_CD45.Primary_S25	1	Mouse_CD45Primary	Mouse2_CD45Primary	Mouse2_CD45.Primary	13	Mouse2_CD45+Primary_S25	Mouse2_CD45+Primary	Mouse2
Mouse2_CD45.Primary_S27	1	Mouse_CD45Primary	Mouse2_CD45Primary	Mouse2_CD45.Primary	13	Mouse2_CD45+Primary_S27	Mouse2_CD45+Primary	Mouse2
Mouse2_CD45.Primary_S28	1	Mouse_CD45Primary	Mouse2_CD45Primary	Mouse2_CD45.Primary	13	Mouse2_CD45+Primary_S28	Mouse2_CD45+Primary	Mouse2
Mouse2_CD45.Primary_S29	1	Mouse_CD45Primary	Mouse2_CD45Primary	Mouse2_CD45.Primary	13	Mouse2_CD45+Primary_S29	Mouse2_CD45+Primary	Mouse2
Mouse2_CD45.Primary_S30	1	Mouse_CD45Primary	Mouse2_CD45Primary	Mouse2_CD45.Primary	13	Mouse2_CD45+Primary_S30	Mouse2_CD45+Primary	Mouse2
Mouse2_CD45.Primary_S31	1	Mouse_CD45Primary	Mouse2_CD45Primary	Mouse2_CD45.Primary	13	Mouse2_CD45+Primary_S31	Mouse2_CD45+Primary	Mouse2
Mouse2_CD45.Primary_S32	1	Mouse_CD45Primary	Mouse2_CD45Primary	Mouse2_CD45.Primary	13	Mouse2_CD45+Primary_S32	Mouse2_CD45+Primary	Mouse2
Mouse2_CD45.Primary_S33	1	Mouse_CD45Primary	Mouse2_CD45Primary	Mouse2_CD45.Primary	13	Mouse2_CD45+Primary_S33	Mouse2_CD45+Primary	Mouse2
Mouse2_CD45.Primary_S34	1	Mouse_CD45Primary	Mouse2_CD45Primary	Mouse2_CD45.Primary	13	Mouse2_CD45+Primary_S34	Mouse2_CD45+Primary	Mouse2
Mouse2_CD45.Primary_S35	1	Mouse_CD45Primary	Mouse2_CD45Primary	Mouse2_CD45.Primary	13	Mouse2_CD45+Primary_S35	Mouse2_CD45+Primary	Mouse2
Mouse2_EpCam.Primary_S33	0	Mouse2_EpCam.Primary	Mouse2_EpCam.Primary	Mouse2_EpCam.Primary	14	Mouse2_EpCam+Primary_S33	Mouse2_EpCam+Primary	Mouse2
Mouse2_EpCam.Primary_S36	0	Mouse2_EpCam.Primary	Mouse2_EpCam.Primary	Mouse2_EpCam.Primary	14	Mouse2_EpCam+Primary_S36	Mouse2_EpCam+Primary	Mouse2
Mouse2_EpCam.Primary_S37	0	Mouse2_EpCam.Primary	Mouse2_EpCam.Primary	Mouse2_EpCam.Primary	14	Mouse2_EpCam+Primary_S37	Mouse2_EpCam+Primary	Mouse2
Mouse2_EpCam.Primary_S39	0	Mouse2_EpCam.Primary	Mouse2_EpCam.Primary	Mouse2_EpCam.Primary	14	Mouse2_EpCam+Primary_S39	Mouse2_EpCam+Primary	Mouse2
Mouse2_EpCam.Primary_S40	0	Mouse2_EpCam.Primary	Mouse2_EpCam.Primary	Mouse2_EpCam.Primary	14	Mouse2_EpCam+Primary_S40	Mouse2_EpCam+Primary	Mouse2
Mouse2_EpCam.Primary_S41	0	Mouse2_EpCam.Primary	Mouse2_EpCam.Primary	Mouse2_EpCam.Primary	14	Mouse2_EpCam+Primary_S41	Mouse2_EpCam+Primary	Mouse2
Mouse2_GFP._Primary_S01	1	MousePrimary	MousePrimary	Mouse2_GFP.	15	Mouse2_GFP+_Primary_S01	Mouse2_GFP+	Mouse2
Mouse2_GFP._Primary_S02	1	MousePrimary	MousePrimary	Mouse2_GFP.	15	Mouse2_GFP+_Primary_S02	Mouse2_GFP+	Mouse2
Mouse2_GFP._Primary_S07	1	MousePrimary	MousePrimary	Mouse2_GFP.	15	Mouse2_GFP+_Primary_S07	Mouse2_GFP+	Mouse2
Mouse2_GFP._Primary_S08	1	MousePrimary	MousePrimary	Mouse2_GFP.	15	Mouse2_GFP+_Primary_S08	Mouse2_GFP+	Mouse2
Mouse2_GFP._Primary_S28	1	MousePrimary	MousePrimary	Mouse2_GFP.	15	Mouse2_GFP+_Primary_S28	Mouse2_GFP+	Mouse2
Mouse2_GFP._Primary_S29	1	MousePrimary	MousePrimary	Mouse2_GFP.	15	Mouse2_GFP+_Primary_S29	Mouse2_GFP+	Mouse2
Mouse2_GFP._Primary_S30	1	MousePrimary	MousePrimary	Mouse2_GFP.	15	Mouse2_GFP+_Primary_S30	Mouse2_GFP+	Mouse2
Mouse2_GFP._Primary_S31	1	MousePrimary	MousePrimary	Mouse2_GFP.	15	Mouse2_GFP+_Primary_S31	Mouse2_GFP+	Mouse2
Mouse2_GFP._Primary_S32	1	MousePrimary	MousePrimary	Mouse2_GFP.	15	Mouse2_GFP+_Primary_S32	Mouse2_GFP+	Mouse2
Mouse2_GFP._PrimaryBulk_S26	0	MousePrimary	MousePrimary	Mouse2_GFP.	15	Mouse2_GFP+_PrimaryBulk_S26	Mouse2_GFP+	Mouse2
Mouse2_GFP.EpCam.Primary_S13	1	MousePrimary	MousePrimary	Mouse2_GFP.EpCam.Primary	16	Mouse2_GFP+EpCam+Primary_S13	Mouse2_GFP+EpCam+Primary	Mouse2
Mouse2_GFP.EpCam.Primary_S15	1	MousePrimary	MousePrimary	Mouse2_GFP.EpCam.Primary	16	Mouse2_GFP+EpCam+Primary_S15	Mouse2_GFP+EpCam+Primary	Mouse2
Mouse2_GFP.EpCam.Primary_S42	1	MousePrimary	MousePrimary	Mouse2_GFP.EpCam.Primary	16	Mouse2_GFP+EpCam+Primary_S42	Mouse2_GFP+EpCam+Primary	Mouse2
Mouse2_GFP.EpCam.Primary_S43	1	MousePrimary	MousePrimary	Mouse2_GFP.EpCam.Primary	16	Mouse2_GFP+EpCam+Primary_S43	Mouse2_GFP+EpCam+Primary	Mouse2
Mouse2_GFP.EpCam.Primary_S45	1	MousePrimary	MousePrimary	Mouse2_GFP.EpCam.Primary	16	Mouse2_GFP+EpCam+Primary_S45	Mouse2_GFP+EpCam+Primary	Mouse2
Mouse2_GFP.EpCam.Primary_S46	1	MousePrimary	MousePrimary	Mouse2_GFP.EpCam.Primary	16	Mouse2_GFP+EpCam+Primary_S46	Mouse2_GFP+EpCam+Primary	Mouse2
Mouse2_GFP.EpCam.Primary_S47	1	MousePrimary	MousePrimary	Mouse2_GFP.EpCam.Primary	16	Mouse2_GFP+EpCam+Primary_S47	Mouse2_GFP+EpCam+Primary	Mouse2
Mouse2_GFP.EpCam.Primary_S48	1	MousePrimary	MousePrimary	Mouse2_GFP.EpCam.Primary	16	Mouse2_GFP+EpCam+Primary_S48	Mouse2_GFP+EpCam+Primary	Mouse2
Mouse2_GFP.KidneyMet_S30	1	MouseKidney	MouseKidney	Mouse2_GFP.KidneyMet	17	Mouse2_GFP+KidneyMet_S30	Mouse2_GFP+KidneyMet	Mouse2
Mouse2_GFP.KidneyMet_S32	1	MouseKidney	MouseKidney	Mouse2_GFP.KidneyMet	17	Mouse2_GFP+KidneyMet_S32	Mouse2_GFP+KidneyMet	Mouse2
Mouse2_GFP.KidneyMet_S33	1	MouseKidney	MouseKidney	Mouse2_GFP.KidneyMet	17	Mouse2_GFP+KidneyMet_S33	Mouse2_GFP+KidneyMet	Mouse2
Mouse2_GFP.KidneyMet_S34	1	MouseKidney	MouseKidney	Mouse2_GFP.KidneyMet	17	Mouse2_GFP+KidneyMet_S34	Mouse2_GFP+KidneyMet	Mouse2
Mouse2_GFP.KidneyMet_S35	1	MouseKidney	MouseKidney	Mouse2_GFP.KidneyMet	17	Mouse2_GFP+KidneyMet_S35	Mouse2_GFP+KidneyMet	Mouse2
Mouse2_GFP.KidneyMet_S36	1	MouseKidney	MouseKidney	Mouse2_GFP.KidneyMet	17	Mouse2_GFP+KidneyMet_S36	Mouse2_GFP+KidneyMet	Mouse2
Mouse2_GFP.KidneyMet_S37	1	MouseKidney	MouseKidney	Mouse2_GFP.KidneyMet	17	Mouse2_GFP+KidneyMet_S37	Mouse2_GFP+KidneyMet	Mouse2
Mouse2_GFP.KidneyMet_S38	1	MouseKidney	MouseKidney	Mouse2_GFP.KidneyMet	17	Mouse2_GFP+KidneyMet_S38	Mouse2_GFP+KidneyMet	Mouse2
Mouse2_GFP.KidneyMet_S39	1	MouseKidney	MouseKidney	Mouse2_GFP.KidneyMet	17	Mouse2_GFP+KidneyMet_S39	Mouse2_GFP+KidneyMet	Mouse2
Mouse2_GFP.KidneyMet_S40	1	MouseKidney	MouseKidney	Mouse2_GFP.KidneyMet	17	Mouse2_GFP+KidneyMet_S40	Mouse2_GFP+KidneyMet	Mouse2
Mouse2_GFP.KidneyMet_S41	1	MouseKidney	MouseKidney	Mouse2_GFP.KidneyMet	17	Mouse2_GFP+KidneyMet_S41	Mouse2_GFP+KidneyMet	Mouse2
Mouse2_GFP.KidneyMet_S42	1	MouseKidney	MouseKidney	Mouse2_GFP.KidneyMet	17	Mouse2_GFP+KidneyMet_S42	Mouse2_GFP+KidneyMet	Mouse2
Mouse2_GFP.KidneyMet_S43	1	MouseKidney	MouseKidney	Mouse2_GFP.KidneyMet	17	Mouse2_GFP+KidneyMet_S43	Mouse2_GFP+KidneyMet	Mouse2
Mouse2_GFP.KidneyMet_S44	1	MouseKidney	MouseKidney	Mouse2_GFP.KidneyMet	17	Mouse2_GFP+KidneyMet_S44	Mouse2_GFP+KidneyMet	Mouse2
Mouse2_GFP.KidneyMet_S45	1	MouseKidney	MouseKidney	Mouse2_GFP.KidneyMet	17	Mouse2_GFP+KidneyMet_S45	Mouse2_GFP+KidneyMet	Mouse2
Mouse2_GFP.KidneyMet_S46	1	MouseKidney	MouseKidney	Mouse2_GFP.KidneyMet	17	Mouse2_GFP+KidneyMet_S46	Mouse2_GFP+KidneyMet	Mouse2
Mouse2_GFP.KidneyMet_S47	1	MouseKidney	MouseKidney	Mouse2_GFP.KidneyMet	17	Mouse2_GFP+KidneyMet_S47	Mouse2_GFP+KidneyMet	Mouse2
Mouse2_GFP.KidneyMet_S48	1	MouseKidney	MouseKidney	Mouse2_GFP.KidneyMet	17	Mouse2_GFP+KidneyMet_S48	Mouse2_GFP+KidneyMet	Mouse2
Mouse2_GFP.KidneyMet_S49	1	MouseKidney	MouseKidney	Mouse2_GFP.KidneyMet	17	Mouse2_GFP+KidneyMet_S49	Mouse2_GFP+KidneyMet	Mouse2
Mouse2_GFP.KidneyMet_S50	1	MouseKidney	MouseKidney	Mouse2_GFP.KidneyMet	17	Mouse2_GFP+KidneyMet_S50	Mouse2_GFP+KidneyMet	Mouse2
Mouse2_GFP.KidneyMet_S51	1	MouseKidney	MouseKidney	Mouse2_GFP.KidneyMet	17	Mouse2_GFP+KidneyMet_S51	Mouse2_GFP+KidneyMet	Mouse2
Mouse2_GFP.LiverMet_S01	1	MouseLiver	MouseLiver	Mouse2_GFP.LiverMet	18	Mouse2_GFP+LiverMet_S01	Mouse2_GFP+LiverMet	Mouse2
Mouse2_GFP.LiverMet_S11	1	MouseLiver	MouseLiver	Mouse2_GFP.LiverMet	18	Mouse2_GFP+LiverMet_S11	Mouse2_GFP+LiverMet	Mouse2
Mouse2_GFP.LiverMet_S12	1	MouseLiver	MouseLiver	Mouse2_GFP.LiverMet	18	Mouse2_GFP+LiverMet_S12	Mouse2_GFP+LiverMet	Mouse2
Mouse2_GFP.LiverMet5_S01	1	MouseLiver	MouseLiver	Mouse2_GFP.LiverMet5	19	Mouse2_GFP+LiverMet5_S01	Mouse2_GFP+LiverMet5	Mouse2
Mouse2_GFP.LiverMet9_S01	1	MouseLiver	MouseLiver	Mouse2_GFP.LiverMet9	20	Mouse2_GFP+LiverMet9_S01	Mouse2_GFP+LiverMet9	Mouse2
Mouse2_GFP.PeritoneumMet_S37	1	MousePeritoneum	MousePeritoneum	Mouse2_GFP.PeritoneumMet	21	Mouse2_GFP+PeritoneumMet_S37	Mouse2_GFP+PeritoneumMet	Mouse2
Mouse2_GFP.PeritoneumMet_S38	1	MousePeritoneum	MousePeritoneum	Mouse2_GFP.PeritoneumMet	21	Mouse2_GFP+PeritoneumMet_S38	Mouse2_GFP+PeritoneumMet	Mouse2
Mouse2_GFP.PeritoneumMet_S39	1	MousePeritoneum	MousePeritoneum	Mouse2_GFP.PeritoneumMet	21	Mouse2_GFP+PeritoneumMet_S39	Mouse2_GFP+PeritoneumMet	Mouse2
Mouse2_GFP.PeritoneumMet_S42	1	MousePeritoneum	MousePeritoneum	Mouse2_GFP.PeritoneumMet	21	Mouse2_GFP+PeritoneumMet_S42	Mouse2_GFP+PeritoneumMet	Mouse2
Mouse2_GFP.PeritoneumMet_S43	1	MousePeritoneum	MousePeritoneum	Mouse2_GFP.PeritoneumMet	21	Mouse2_GFP+PeritoneumMet_S43	Mouse2_GFP+PeritoneumMet	Mouse2
Mouse2_GFP.PeritoneumMet_S44	1	MousePeritoneum	MousePeritoneum	Mouse2_GFP.PeritoneumMet	21	Mouse2_GFP+PeritoneumMet_S44	Mouse2_GFP+PeritoneumMet	Mouse2
Mouse2_GFP.PeritoneumMet_S45	1	MousePeritoneum	MousePeritoneum	Mouse2_GFP.PeritoneumMet	21	Mouse2_GFP+PeritoneumMet_S45	Mouse2_GFP+PeritoneumMet	Mouse2
Mouse2_GFP.PeritoneumMet_S46	1	MousePeritoneum	MousePeritoneum	Mouse2_GFP.PeritoneumMet	21	Mouse2_GFP+PeritoneumMet_S46	Mouse2_GFP+PeritoneumMet	Mouse2
Mouse2_GFP.PeritoneumMet_S47	1	MousePeritoneum	MousePeritoneum	Mouse2_GFP.PeritoneumMet	21	Mouse2_GFP+PeritoneumMet_S47	Mouse2_GFP+PeritoneumMet	Mouse2
Mouse2_GFP.PeritoneumMet_S49	1	MousePeritoneum	MousePeritoneum	Mouse2_GFP.PeritoneumMet	21	Mouse2_GFP+PeritoneumMet_S49	Mouse2_GFP+PeritoneumMet	Mouse2
Mouse2_GFP.PeritoneumMet_S51	1	MousePeritoneum	MousePeritoneum	Mouse2_GFP.PeritoneumMet	21	Mouse2_GFP+PeritoneumMet_S51	Mouse2_GFP+PeritoneumMet	Mouse2
Mouse2_GFP.PeritoneumMet_S54	1	MousePeritoneum	MousePeritoneum	Mouse2_GFP.PeritoneumMet	21	Mouse2_GFP+PeritoneumMet_S54	Mouse2_GFP+PeritoneumMet	Mouse2
Mouse2_GFP.PeritoneumMet_S55	1	MousePeritoneum	MousePeritoneum	Mouse2_GFP.PeritoneumMet	21	Mouse2_GFP+PeritoneumMet_S55	Mouse2_GFP+PeritoneumMet	Mouse2
Mouse2_GFP.PeritoneumMet_S57	1	MousePeritoneum	MousePeritoneum	Mouse2_GFP.PeritoneumMet	21	Mouse2_GFP+PeritoneumMet_S57	Mouse2_GFP+PeritoneumMet	Mouse2
Mouse2_GFP.PeritoneumMet_S58	1	MousePeritoneum	MousePeritoneum	Mouse2_GFP.PeritoneumMet	21	Mouse2_GFP+PeritoneumMet_S58	Mouse2_GFP+PeritoneumMet	Mouse2
Mouse2_GFP.PeritoneumMet_S59	1	MousePeritoneum	MousePeritoneum	Mouse2_GFP.PeritoneumMet	21	Mouse2_GFP+PeritoneumMet_S59	Mouse2_GFP+PeritoneumMet	Mouse2
Mouse2_GFP.PeritoneumMet_S60	1	MousePeritoneum	MousePeritoneum	Mouse2_GFP.PeritoneumMet	21	Mouse2_GFP+PeritoneumMet_S60	Mouse2_GFP+PeritoneumMet	Mouse2
Mouse2_GFP.Primary_S15	1	MousePrimary	Mouse2_GFP.Primary	Mouse2_GFP.Primary	22	Mouse2_GFP+Primary_S15	Mouse2_GFP+Primary	Mouse2
Mouse2_GFP.Primary_S16	1	MousePrimary	Mouse2_GFP.Primary	Mouse2_GFP.Primary	22	Mouse2_GFP+Primary_S16	Mouse2_GFP+Primary	Mouse2
Mouse2_GFP.Primary_S18	1	MousePrimary	Mouse2_GFP.Primary	Mouse2_GFP.Primary	22	Mouse2_GFP+Primary_S18	Mouse2_GFP+Primary	Mouse2
Mouse2_GFP.Primary_S22	1	MousePrimary	Mouse2_GFP.Primary	Mouse2_GFP.Primary	22	Mouse2_GFP+Primary_S22	Mouse2_GFP+Primary	Mouse2
Mouse2_GFP.Primary_S23	1	MousePrimary	Mouse2_GFP.Primary	Mouse2_GFP.Primary	22	Mouse2_GFP+Primary_S23	Mouse2_GFP+Primary	Mouse2
Mouse2_GFP.Primary_S24	1	MousePrimary	Mouse2_GFP.Primary	Mouse2_GFP.Primary	22	Mouse2_GFP+Primary_S24	Mouse2_GFP+Primary	Mouse2
Mouse2_GFP.Primary_S25	1	MousePrimary	Mouse2_GFP.Primary	Mouse2_GFP.Primary	22	Mouse2_GFP+Primary_S25	Mouse2_GFP+Primary	Mouse2
Mouse2_GFP.SpleenMet_S10	1	MouseSpleen	MouseSpleen	Mouse2_GFP.SpleenMet	23	Mouse2_GFP+SpleenMet_S10	Mouse2_GFP+SpleenMet	Mouse2
Mouse2_GFP.SpleenMet_S11	1	MouseSpleen	MouseSpleen	Mouse2_GFP.SpleenMet	23	Mouse2_GFP+SpleenMet_S11	Mouse2_GFP+SpleenMet	Mouse2
Mouse2_GFP.SpleenMet_S15	1	MouseSpleen	MouseSpleen	Mouse2_GFP.SpleenMet	23	Mouse2_GFP+SpleenMet_S15	Mouse2_GFP+SpleenMet	Mouse2
Mouse2_GFP.SpleenMet_S17	1	MouseSpleen	MouseSpleen	Mouse2_GFP.SpleenMet	23	Mouse2_GFP+SpleenMet_S17	Mouse2_GFP+SpleenMet	Mouse2
Mouse2_GFP.SpleenMet_S18	1	MouseSpleen	MouseSpleen	Mouse2_GFP.SpleenMet	23	Mouse2_GFP+SpleenMet_S18	Mouse2_GFP+SpleenMet	Mouse2
Mouse2_GFP.SpleenMet_S19	1	MouseSpleen	MouseSpleen	Mouse2_GFP.SpleenMet	23	Mouse2_GFP+SpleenMet_S19	Mouse2_GFP+SpleenMet	Mouse2
Mouse2_GFP.SpleenMet_S20	1	MouseSpleen	MouseSpleen	Mouse2_GFP.SpleenMet	23	Mouse2_GFP+SpleenMet_S20	Mouse2_GFP+SpleenMet	Mouse2
Mouse2_GFP.SpleenMet_S22	1	MouseSpleen	MouseSpleen	Mouse2_GFP.SpleenMet	23	Mouse2_GFP+SpleenMet_S22	Mouse2_GFP+SpleenMet	Mouse2
Mouse2_GFP.SpleenMet_S23	1	MouseSpleen	MouseSpleen	Mouse2_GFP.SpleenMet	23	Mouse2_GFP+SpleenMet_S23	Mouse2_GFP+SpleenMet	Mouse2
Mouse2_GFP.SpleenMet_S24	1	MouseSpleen	MouseSpleen	Mouse2_GFP.SpleenMet	23	Mouse2_GFP+SpleenMet_S24	Mouse2_GFP+SpleenMet	Mouse2
Mouse2_GFP.SpleenMet_S25	1	MouseSpleen	MouseSpleen	Mouse2_GFP.SpleenMet	23	Mouse2_GFP+SpleenMet_S25	Mouse2_GFP+SpleenMet	Mouse2
Mouse2_GFP.SpleenMet_S26	1	MouseSpleen	MouseSpleen	Mouse2_GFP.SpleenMet	23	Mouse2_GFP+SpleenMet_S26	Mouse2_GFP+SpleenMet	Mouse2
Mouse2_GFP.SpleenMet_S27	1	MouseSpleen	MouseSpleen	Mouse2_GFP.SpleenMet	23	Mouse2_GFP+SpleenMet_S27	Mouse2_GFP+SpleenMet	Mouse2
Mouse2_GFP.SpleenMet_S28	1	MouseSpleen	MouseSpleen	Mouse2_GFP.SpleenMet	23	Mouse2_GFP+SpleenMet_S28	Mouse2_GFP+SpleenMet	Mouse2
Mouse2_GFP.SpleenMet_S29	1	MouseSpleen	MouseSpleen	Mouse2_GFP.SpleenMet	23	Mouse2_GFP+SpleenMet_S29	Mouse2_GFP+SpleenMet	Mouse2
Mouse3_CD45Primary_S63	1	Mouse_CD45Primary	Mouse3_CD45Primary	Mouse3_CD45Primary	24	Mouse3_CD45Primary_S63	Mouse3_CD45Primary	Mouse3
Mouse3_CD45Primary_S65	1	Mouse_CD45Primary	Mouse3_CD45Primary	Mouse3_CD45Primary	24	Mouse3_CD45Primary_S65	Mouse3_CD45Primary	Mouse3
Mouse3_CD45Primary_S66	1	Mouse_CD45Primary	Mouse3_CD45Primary	Mouse3_CD45Primary	24	Mouse3_CD45Primary_S66	Mouse3_CD45Primary	Mouse3
Mouse3_CD45Primary_S67	1	Mouse_CD45Primary	Mouse3_CD45Primary	Mouse3_CD45Primary	24	Mouse3_CD45Primary_S67	Mouse3_CD45Primary	Mouse3
Mouse3_CD45Primary_S68	1	Mouse_CD45Primary	Mouse3_CD45Primary	Mouse3_CD45Primary	24	Mouse3_CD45Primary_S68	Mouse3_CD45Primary	Mouse3
Mouse3_CD45Primary_S69	1	Mouse_CD45Primary	Mouse3_CD45Primary	Mouse3_CD45Primary	24	Mouse3_CD45Primary_S69	Mouse3_CD45Primary	Mouse3
Mouse3_CD45Primary_S70	1	Mouse_CD45Primary	Mouse3_CD45Primary	Mouse3_CD45Primary	24	Mouse3_CD45Primary_S70	Mouse3_CD45Primary	Mouse3
Mouse3_CD45Primary_S76	1	Mouse_CD45Primary	Mouse3_CD45Primary	Mouse3_CD45Primary	24	Mouse3_CD45Primary_S76	Mouse3_CD45Primary	Mouse3
Mouse3_CD45Primary_S77	1	Mouse_CD45Primary	Mouse3_CD45Primary	Mouse3_CD45Primary	24	Mouse3_CD45Primary_S77	Mouse3_CD45Primary	Mouse3
Mouse3_CD45Primary_S79	1	Mouse_CD45Primary	Mouse3_CD45Primary	Mouse3_CD45Primary	24	Mouse3_CD45Primary_S79	Mouse3_CD45Primary	Mouse3
Mouse3_CD45Primary_S80	1	Mouse_CD45Primary	Mouse3_CD45Primary	Mouse3_CD45Primary	24	Mouse3_CD45Primary_S80	Mouse3_CD45Primary	Mouse3
Mouse3_CD45Primary_S81	1	Mouse_CD45Primary	Mouse3_CD45Primary	Mouse3_CD45Primary	24	Mouse3_CD45Primary_S81	Mouse3_CD45Primary	Mouse3
Mouse3_CD45Primary_S82	1	Mouse_CD45Primary	Mouse3_CD45Primary	Mouse3_CD45Primary	24	Mouse3_CD45Primary_S82	Mouse3_CD45Primary	Mouse3
Mouse3_EpCamPrimary_S42	0	Mouse3_EpCamPrimary	Mouse3_EpCamPrimary	Mouse3_EpCamPrimary	25	Mouse3_EpCamPrimary_S42	Mouse3_EpCamPrimary	Mouse3
Mouse3_EpCamPrimary_S45	0	Mouse3_EpCamPrimary	Mouse3_EpCamPrimary	Mouse3_EpCamPrimary	25	Mouse3_EpCamPrimary_S45	Mouse3_EpCamPrimary	Mouse3
Mouse3_EpCamPrimary_S46	0	Mouse3_EpCamPrimary	Mouse3_EpCamPrimary	Mouse3_EpCamPrimary	25	Mouse3_EpCamPrimary_S46	Mouse3_EpCamPrimary	Mouse3
Mouse3_EpCamPrimary_S49	0	Mouse3_EpCamPrimary	Mouse3_EpCamPrimary	Mouse3_EpCamPrimary	25	Mouse3_EpCamPrimary_S49	Mouse3_EpCamPrimary	Mouse3
Mouse3_EpCamPrimary_S50	0	Mouse3_EpCamPrimary	Mouse3_EpCamPrimary	Mouse3_EpCamPrimary	25	Mouse3_EpCamPrimary_S50	Mouse3_EpCamPrimary	Mouse3
Mouse3_EpCamPrimary_S51	0	Mouse3_EpCamPrimary	Mouse3_EpCamPrimary	Mouse3_EpCamPrimary	25	Mouse3_EpCamPrimary_S51	Mouse3_EpCamPrimary	Mouse3
Mouse3_GFP_Primary_S04	1	MousePrimary	MousePrimary	Mouse3_GFP	26	Mouse3_GFP_Primary_S04	Mouse3_GFP	Mouse3
Mouse3_GFP_Primary_S05	1	MousePrimary	MousePrimary	Mouse3_GFP	26	Mouse3_GFP_Primary_S05	Mouse3_GFP	Mouse3
Mouse3_GFP_Primary_S06	1	MousePrimary	MousePrimary	Mouse3_GFP	26	Mouse3_GFP_Primary_S06	Mouse3_GFP	Mouse3
Mouse3_GFP_Primary_S07	1	MousePrimary	MousePrimary	Mouse3_GFP	26	Mouse3_GFP_Primary_S07	Mouse3_GFP	Mouse3
Mouse3_GFP_Primary_S08	1	MousePrimary	MousePrimary	Mouse3_GFP	26	Mouse3_GFP_Primary_S08	Mouse3_GFP	Mouse3
Mouse3_GFP_Primary_S09	1	MousePrimary	MousePrimary	Mouse3_GFP	26	Mouse3_GFP_Primary_S09	Mouse3_GFP	Mouse3
Mouse3_GFP_Primary_S37	1	MousePrimary	MousePrimary	Mouse3_GFP	26	Mouse3_GFP_Primary_S37	Mouse3_GFP	Mouse3
Mouse3_GFP_Primary_S38	1	MousePrimary	MousePrimary	Mouse3_GFP	26	Mouse3_GFP_Primary_S38	Mouse3_GFP	Mouse3
Mouse3_GFP_Primary_S39	1	MousePrimary	MousePrimary	Mouse3_GFP	26	Mouse3_GFP_Primary_S39	Mouse3_GFP	Mouse3
Mouse3_GFP_Primary_S40	1	MousePrimary	MousePrimary	Mouse3_GFP	26	Mouse3_GFP_Primary_S40	Mouse3_GFP	Mouse3
Mouse3_GFP_Primary_S41	1	MousePrimary	MousePrimary	Mouse3_GFP	26	Mouse3_GFP_Primary_S41	Mouse3_GFP	Mouse3
Mouse3_GFPEpCamPrimary_S52	1	MousePrimary	MousePrimary	Mouse3_GFPEpCamPrimary	27	Mouse3_GFPEpCamPrimary_S52	Mouse3_GFPEpCamPrimary	Mouse3
Mouse3_GFPEpCamPrimary_S53	1	MousePrimary	MousePrimary	Mouse3_GFPEpCamPrimary	27	Mouse3_GFPEpCamPrimary_S53	Mouse3_GFPEpCamPrimary	Mouse3
Mouse3_GFPEpCamPrimary_S54	1	MousePrimary	MousePrimary	Mouse3_GFPEpCamPrimary	27	Mouse3_GFPEpCamPrimary_S54	Mouse3_GFPEpCamPrimary	Mouse3
Mouse3_GFPEpCamPrimary_S55	1	MousePrimary	MousePrimary	Mouse3_GFPEpCamPrimary	27	Mouse3_GFPEpCamPrimary_S55	Mouse3_GFPEpCamPrimary	Mouse3
Mouse3_GFPEpCamPrimary_S56	1	MousePrimary	MousePrimary	Mouse3_GFPEpCamPrimary	27	Mouse3_GFPEpCamPrimary_S56	Mouse3_GFPEpCamPrimary	Mouse3
Mouse3_GFPEpCamPrimary_S57	1	MousePrimary	MousePrimary	Mouse3_GFPEpCamPrimary	27	Mouse3_GFPEpCamPrimary_S57	Mouse3_GFPEpCamPrimary	Mouse3
Mouse3_GFPEpCamPrimary_S58	1	MousePrimary	MousePrimary	Mouse3_GFPEpCamPrimary	27	Mouse3_GFPEpCamPrimary_S58	Mouse3_GFPEpCamPrimary	Mouse3
Mouse3_GFPEpCamPrimary_S61	1	MousePrimary	MousePrimary	Mouse3_GFPEpCamPrimary	27	Mouse3_GFPEpCamPrimary_S61	Mouse3_GFPEpCamPrimary	Mouse3
Mouse3_GFPEpCamPrimary_S62	1	MousePrimary	MousePrimary	Mouse3_GFPEpCamPrimary	27	Mouse3_GFPEpCamPrimary_S62	Mouse3_GFPEpCamPrimary	Mouse3
Mouse3_GFPKidneyMet_S49	1	MouseKidney	MouseKidney	Mouse3_GFPKidneyMet	28	Mouse3_GFPKidneyMet_S49	Mouse3_GFPKidneyMet	Mouse3
Mouse3_GFPKidneyMet_S50	1	MouseKidney	MouseKidney	Mouse3_GFPKidneyMet	28	Mouse3_GFPKidneyMet_S50	Mouse3_GFPKidneyMet	Mouse3
Mouse3_GFPKidneyMet_S51	1	MouseKidney	MouseKidney	Mouse3_GFPKidneyMet	28	Mouse3_GFPKidneyMet_S51	Mouse3_GFPKidneyMet	Mouse3
Mouse3_GFPKidneyMet_S52	1	MouseKidney	MouseKidney	Mouse3_GFPKidneyMet	28	Mouse3_GFPKidneyMet_S52	Mouse3_GFPKidneyMet	Mouse3
Mouse3_GFPKidneyMet_S53	1	MouseKidney	MouseKidney	Mouse3_GFPKidneyMet	28	Mouse3_GFPKidneyMet_S53	Mouse3_GFPKidneyMet	Mouse3
Mouse3_GFPKidneyMet_S54	1	MouseKidney	MouseKidney	Mouse3_GFPKidneyMet	28	Mouse3_GFPKidneyMet_S54	Mouse3_GFPKidneyMet	Mouse3
Mouse3_GFPKidneyMet_S55	1	MouseKidney	MouseKidney	Mouse3_GFPKidneyMet	28	Mouse3_GFPKidneyMet_S55	Mouse3_GFPKidneyMet	Mouse3
Mouse3_GFPKidneyMet_S56	1	MouseKidney	MouseKidney	Mouse3_GFPKidneyMet	28	Mouse3_GFPKidneyMet_S56	Mouse3_GFPKidneyMet	Mouse3
Mouse3_GFPKidneyMet_S58	1	MouseKidney	MouseKidney	Mouse3_GFPKidneyMet	28	Mouse3_GFPKidneyMet_S58	Mouse3_GFPKidneyMet	Mouse3
Mouse3_GFPKidneyMet_S60	1	MouseKidney	MouseKidney	Mouse3_GFPKidneyMet	28	Mouse3_GFPKidneyMet_S60	Mouse3_GFPKidneyMet	Mouse3
Mouse3_GFPKidneyMet_S63	1	MouseKidney	MouseKidney	Mouse3_GFPKidneyMet	28	Mouse3_GFPKidneyMet_S63	Mouse3_GFPKidneyMet	Mouse3
Mouse3_GFPKidneyMet_S64	1	MouseKidney	MouseKidney	Mouse3_GFPKidneyMet	28	Mouse3_GFPKidneyMet_S64	Mouse3_GFPKidneyMet	Mouse3
Mouse3_GFPKidneyMet_S65	1	MouseKidney	MouseKidney	Mouse3_GFPKidneyMet	28	Mouse3_GFPKidneyMet_S65	Mouse3_GFPKidneyMet	Mouse3
Mouse3_GFPKidneyMet_S66	1	MouseKidney	MouseKidney	Mouse3_GFPKidneyMet	28	Mouse3_GFPKidneyMet_S66	Mouse3_GFPKidneyMet	Mouse3
Mouse3_GFPKidneyMet_S67	1	MouseKidney	MouseKidney	Mouse3_GFPKidneyMet	28	Mouse3_GFPKidneyMet_S67	Mouse3_GFPKidneyMet	Mouse3
Mouse3_GFPKidneyMet_S68	1	MouseKidney	MouseKidney	Mouse3_GFPKidneyMet	28	Mouse3_GFPKidneyMet_S68	Mouse3_GFPKidneyMet	Mouse3
Mouse3_GFPKidneyMet_S69	1	MouseKidney	MouseKidney	Mouse3_GFPKidneyMet	28	Mouse3_GFPKidneyMet_S69	Mouse3_GFPKidneyMet	Mouse3
Mouse3_GFPKidneyMet_S70	1	MouseKidney	MouseKidney	Mouse3_GFPKidneyMet	28	Mouse3_GFPKidneyMet_S70	Mouse3_GFPKidneyMet	Mouse3
Mouse3_GFPKidneyMet_S71	1	MouseKidney	MouseKidney	Mouse3_GFPKidneyMet	28	Mouse3_GFPKidneyMet_S71	Mouse3_GFPKidneyMet	Mouse3
Mouse3_GFPKidneyMet_S72	1	MouseKidney	MouseKidney	Mouse3_GFPKidneyMet	28	Mouse3_GFPKidneyMet_S72	Mouse3_GFPKidneyMet	Mouse3
Mouse3_GFPLiverMet_S01	1	MouseLiver	MouseLiver	Mouse3_GFPLiverMet	29	Mouse3_GFPLiverMet_S01	Mouse3_GFPLiverMet	Mouse3
Mouse3_GFPLiverMet_S02	1	MouseLiver	MouseLiver	Mouse3_GFPLiverMet	29	Mouse3_GFPLiverMet_S02	Mouse3_GFPLiverMet	Mouse3
Mouse3_GFPLiverMet_S06	1	MouseLiver	MouseLiver	Mouse3_GFPLiverMet	29	Mouse3_GFPLiverMet_S06	Mouse3_GFPLiverMet	Mouse3
Mouse3_GFPLiverMet_S08	1	MouseLiver	MouseLiver	Mouse3_GFPLiverMet	29	Mouse3_GFPLiverMet_S08	Mouse3_GFPLiverMet	Mouse3
Mouse3_GFPLiverMet_S09	1	MouseLiver	MouseLiver	Mouse3_GFPLiverMet	29	Mouse3_GFPLiverMet_S09	Mouse3_GFPLiverMet	Mouse3
Mouse3_GFPLiverMet_S10	1	MouseLiver	MouseLiver	Mouse3_GFPLiverMet	29	Mouse3_GFPLiverMet_S10	Mouse3_GFPLiverMet	Mouse3
Mouse3_GFPLiverMet_S11	1	MouseLiver	MouseLiver	Mouse3_GFPLiverMet	29	Mouse3_GFPLiverMet_S11	Mouse3_GFPLiverMet	Mouse3
Mouse3_GFPLiverMet_S12	1	MouseLiver	MouseLiver	Mouse3_GFPLiverMet	29	Mouse3_GFPLiverMet_S12	Mouse3_GFPLiverMet	Mouse3
Mouse3_GFPLiverMet_S24	1	MouseLiver	MouseLiver	Mouse3_GFPLiverMet	29	Mouse3_GFPLiverMet_S24	Mouse3_GFPLiverMet	Mouse3
Mouse3_GFPPeritoneumMet_S73	1	MousePeritoneum	MousePeritoneum	Mouse3_GFPPeritoneumMet	30	Mouse3_GFPPeritoneumMet_S73	Mouse3_GFPPeritoneumMet	Mouse3
Mouse3_GFPPeritoneumMet_S74	1	MousePeritoneum	MousePeritoneum	Mouse3_GFPPeritoneumMet	30	Mouse3_GFPPeritoneumMet_S74	Mouse3_GFPPeritoneumMet	Mouse3
Mouse3_GFPPeritoneumMet_S75	1	MousePeritoneum	MousePeritoneum	Mouse3_GFPPeritoneumMet	30	Mouse3_GFPPeritoneumMet_S75	Mouse3_GFPPeritoneumMet	Mouse3
Mouse3_GFPPeritoneumMet_S76	1	MousePeritoneum	MousePeritoneum	Mouse3_GFPPeritoneumMet	30	Mouse3_GFPPeritoneumMet_S76	Mouse3_GFPPeritoneumMet	Mouse3
Mouse3_GFPPeritoneumMet_S77	1	MousePeritoneum	MousePeritoneum	Mouse3_GFPPeritoneumMet	30	Mouse3_GFPPeritoneumMet_S77	Mouse3_GFPPeritoneumMet	Mouse3
Mouse3_GFPPeritoneumMet_S78	1	MousePeritoneum	MousePeritoneum	Mouse3_GFPPeritoneumMet	30	Mouse3_GFPPeritoneumMet_S78	Mouse3_GFPPeritoneumMet	Mouse3
Mouse3_GFPPeritoneumMet_S79	1	MousePeritoneum	MousePeritoneum	Mouse3_GFPPeritoneumMet	30	Mouse3_GFPPeritoneumMet_S79	Mouse3_GFPPeritoneumMet	Mouse3
Mouse3_GFPPeritoneumMet_S81	1	MousePeritoneum	MousePeritoneum	Mouse3_GFPPeritoneumMet	30	Mouse3_GFPPeritoneumMet_S81	Mouse3_GFPPeritoneumMet	Mouse3
Mouse3_GFPPeritoneumMet_S82	1	MousePeritoneum	MousePeritoneum	Mouse3_GFPPeritoneumMet	30	Mouse3_GFPPeritoneumMet_S82	Mouse3_GFPPeritoneumMet	Mouse3
Mouse3_GFPPeritoneumMet_S83	1	MousePeritoneum	MousePeritoneum	Mouse3_GFPPeritoneumMet	30	Mouse3_GFPPeritoneumMet_S83	Mouse3_GFPPeritoneumMet	Mouse3
Mouse3_GFPPeritoneumMet_S84	1	MousePeritoneum	MousePeritoneum	Mouse3_GFPPeritoneumMet	30	Mouse3_GFPPeritoneumMet_S84	Mouse3_GFPPeritoneumMet	Mouse3
Mouse3_GFPPeritoneumMet_S85	1	MousePeritoneum	MousePeritoneum	Mouse3_GFPPeritoneumMet	30	Mouse3_GFPPeritoneumMet_S85	Mouse3_GFPPeritoneumMet	Mouse3
Mouse3_GFPPeritoneumMet_S86	1	MousePeritoneum	MousePeritoneum	Mouse3_GFPPeritoneumMet	30	Mouse3_GFPPeritoneumMet_S86	Mouse3_GFPPeritoneumMet	Mouse3
Mouse3_GFPPeritoneumMet_S88	1	MousePeritoneum	MousePeritoneum	Mouse3_GFPPeritoneumMet	30	Mouse3_GFPPeritoneumMet_S88	Mouse3_GFPPeritoneumMet	Mouse3
Mouse3_GFPPeritoneumMet_S89	1	MousePeritoneum	MousePeritoneum	Mouse3_GFPPeritoneumMet	30	Mouse3_GFPPeritoneumMet_S89	Mouse3_GFPPeritoneumMet	Mouse3
Mouse3_GFPPeritoneumMet_S90	1	MousePeritoneum	MousePeritoneum	Mouse3_GFPPeritoneumMet	30	Mouse3_GFPPeritoneumMet_S90	Mouse3_GFPPeritoneumMet	Mouse3
Mouse3_GFPPeritoneumMet_S91	1	MousePeritoneum	MousePeritoneum	Mouse3_GFPPeritoneumMet	30	Mouse3_GFPPeritoneumMet_S91	Mouse3_GFPPeritoneumMet	Mouse3
Mouse3_GFPPeritoneumMet_S92	1	MousePeritoneum	MousePeritoneum	Mouse3_GFPPeritoneumMet	30	Mouse3_GFPPeritoneumMet_S92	Mouse3_GFPPeritoneumMet	Mouse3
Mouse3_GFPPeritoneumMet_S93	1	MousePeritoneum	MousePeritoneum	Mouse3_GFPPeritoneumMet	30	Mouse3_GFPPeritoneumMet_S93	Mouse3_GFPPeritoneumMet	Mouse3
Mouse3_GFPPeritoneumMet_S94	1	MousePeritoneum	MousePeritoneum	Mouse3_GFPPeritoneumMet	30	Mouse3_GFPPeritoneumMet_S94	Mouse3_GFPPeritoneumMet	Mouse3
Mouse3_GFPPeritoneumMet_S95	1	MousePeritoneum	MousePeritoneum	Mouse3_GFPPeritoneumMet	30	Mouse3_GFPPeritoneumMet_S95	Mouse3_GFPPeritoneumMet	Mouse3
Mouse3_GFPPeritoneumMet_S96	1	MousePeritoneum	MousePeritoneum	Mouse3_GFPPeritoneumMet	30	Mouse3_GFPPeritoneumMet_S96	Mouse3_GFPPeritoneumMet	Mouse3
Mouse3_GFPPrimary_S15	1	MousePrimary	MousePrimary	Mouse3_GFPPrimary	31	Mouse3_GFPPrimary_S15	Mouse3_GFPPrimary	Mouse3
Mouse3_GFPPrimary_S16	1	MousePrimary	MousePrimary	Mouse3_GFPPrimary	31	Mouse3_GFPPrimary_S16	Mouse3_GFPPrimary	Mouse3
Mouse3_GFPPrimary_S17	1	MousePrimary	MousePrimary	Mouse3_GFPPrimary	31	Mouse3_GFPPrimary_S17	Mouse3_GFPPrimary	Mouse3
Mouse3_GFPPrimary_S18	1	MousePrimary	MousePrimary	Mouse3_GFPPrimary	31	Mouse3_GFPPrimary_S18	Mouse3_GFPPrimary	Mouse3
Mouse3_GFPPrimary_S19	1	MousePrimary	MousePrimary	Mouse3_GFPPrimary	31	Mouse3_GFPPrimary_S19	Mouse3_GFPPrimary	Mouse3
Mouse3_GFPPrimary_S20	1	MousePrimary	MousePrimary	Mouse3_GFPPrimary	31	Mouse3_GFPPrimary_S20	Mouse3_GFPPrimary	Mouse3
Mouse3_GFPPrimary_S21	1	MousePrimary	MousePrimary	Mouse3_GFPPrimary	31	Mouse3_GFPPrimary_S21	Mouse3_GFPPrimary	Mouse3
Mouse3_GFPPrimary_S25	1	MousePrimary	MousePrimary	Mouse3_GFPPrimary	31	Mouse3_GFPPrimary_S25	Mouse3_GFPPrimary	Mouse3
Mouse3_GFPPrimary_S26	1	MousePrimary	MousePrimary	Mouse3_GFPPrimary	31	Mouse3_GFPPrimary_S26	Mouse3_GFPPrimary	Mouse3
Mouse3_GFPPrimary_S27	1	MousePrimary	MousePrimary	Mouse3_GFPPrimary	31	Mouse3_GFPPrimary_S27	Mouse3_GFPPrimary	Mouse3
Mouse3_GFPPrimary_S28	1	MousePrimary	MousePrimary	Mouse3_GFPPrimary	31	Mouse3_GFPPrimary_S28	Mouse3_GFPPrimary	Mouse3
Mouse3_GFPPrimary_S29	1	MousePrimary	MousePrimary	Mouse3_GFPPrimary	31	Mouse3_GFPPrimary_S29	Mouse3_GFPPrimary	Mouse3
Mouse3_GFPPrimary_S30	1	MousePrimary	MousePrimary	Mouse3_GFPPrimary	31	Mouse3_GFPPrimary_S30	Mouse3_GFPPrimary	Mouse3
Mouse3_GFPPrimary_S31	1	MousePrimary	MousePrimary	Mouse3_GFPPrimary	31	Mouse3_GFPPrimary_S31	Mouse3_GFPPrimary	Mouse3
Mouse3_GFPPrimary_S32	1	MousePrimary	MousePrimary	Mouse3_GFPPrimary	31	Mouse3_GFPPrimary_S32	Mouse3_GFPPrimary	Mouse3
Mouse3_GFPSpleenMet_S29	1	MouseSpleen	MouseSpleen	Mouse3_GFPSpleenMet	32	Mouse3_GFPSpleenMet_S29	Mouse3_GFPSpleenMet	Mouse3
Mouse3_GFPSpleenMet_S30	1	MouseSpleen	MouseSpleen	Mouse3_GFPSpleenMet	32	Mouse3_GFPSpleenMet_S30	Mouse3_GFPSpleenMet	Mouse3
Mouse3_GFPSpleenMet_S31	1	MouseSpleen	MouseSpleen	Mouse3_GFPSpleenMet	32	Mouse3_GFPSpleenMet_S31	Mouse3_GFPSpleenMet	Mouse3
Mouse3_GFPSpleenMet_S32	1	MouseSpleen	MouseSpleen	Mouse3_GFPSpleenMet	32	Mouse3_GFPSpleenMet_S32	Mouse3_GFPSpleenMet	Mouse3
Mouse3_GFPSpleenMet_S33	1	MouseSpleen	MouseSpleen	Mouse3_GFPSpleenMet	32	Mouse3_GFPSpleenMet_S33	Mouse3_GFPSpleenMet	Mouse3
Mouse3_GFPSpleenMet_S35	1	MouseSpleen	MouseSpleen	Mouse3_GFPSpleenMet	32	Mouse3_GFPSpleenMet_S35	Mouse3_GFPSpleenMet	Mouse3
Mouse3_GFPSpleenMet_S36	1	MouseSpleen	MouseSpleen	Mouse3_GFPSpleenMet	32	Mouse3_GFPSpleenMet_S36	Mouse3_GFPSpleenMet	Mouse3
Mouse3_GFPSpleenMet_S40	1	MouseSpleen	MouseSpleen	Mouse3_GFPSpleenMet	32	Mouse3_GFPSpleenMet_S40	Mouse3_GFPSpleenMet	Mouse3
Mouse3_GFPSpleenMet_S41	1	MouseSpleen	MouseSpleen	Mouse3_GFPSpleenMet	32	Mouse3_GFPSpleenMet_S41	Mouse3_GFPSpleenMet	Mouse3
Mouse3_GFPSpleenMet_S42	1	MouseSpleen	MouseSpleen	Mouse3_GFPSpleenMet	32	Mouse3_GFPSpleenMet_S42	Mouse3_GFPSpleenMet	Mouse3
Mouse3_GFPSpleenMet_S43	1	MouseSpleen	MouseSpleen	Mouse3_GFPSpleenMet	32	Mouse3_GFPSpleenMet_S43	Mouse3_GFPSpleenMet	Mouse3
Mouse3_GFPSpleenMet_S44	1	MouseSpleen	MouseSpleen	Mouse3_GFPSpleenMet	32	Mouse3_GFPSpleenMet_S44	Mouse3_GFPSpleenMet	Mouse3
Mouse3_GFPSpleenMet_S45	1	MouseSpleen	MouseSpleen	Mouse3_GFPSpleenMet	32	Mouse3_GFPSpleenMet_S45	Mouse3_GFPSpleenMet	Mouse3
Mouse3_GFPSpleenMet_S46	1	MouseSpleen	MouseSpleen	Mouse3_GFPSpleenMet	32	Mouse3_GFPSpleenMet_S46	Mouse3_GFPSpleenMet	Mouse3
Mouse3_GFPSpleenMet_S47	1	MouseSpleen	MouseSpleen	Mouse3_GFPSpleenMet	32	Mouse3_GFPSpleenMet_S47	Mouse3_GFPSpleenMet	Mouse3
Mouse3_GFPSpleenMet_S48	1	MouseSpleen	MouseSpleen	Mouse3_GFPSpleenMet	32	Mouse3_GFPSpleenMet_S48	Mouse3_GFPSpleenMet	Mouse3
